{"cameraMode":{"drawMode":0,"name":"Shaded","section":"Shading Mode"},"sceneLighting":false,"audioPlay":false,"sceneViewState":{"showFog":true,"showMaterialUpdate":false,"showSkybox":false,"showFlares":true,"showImageEffects":true,"showParticleSystems":true},"in2DMode":false,"pivot":{"x":2.1749393939971926,"y":6.3789896965026859,"z":-3.3195574283599855},"rotation":{"x":0.3061201274394989,"y":-0.4978242516517639,"z":0.19337429106235505,"w":0.7880786657333374},"size":1.2247449159622193,"orthographic":true}