{"cameraMode":{"drawMode":0,"name":"Shaded","section":"Shading Mode"},"sceneLighting":true,"audioPlay":false,"sceneViewState":{"showFog":false,"showMaterialUpdate":false,"showSkybox":false,"showFlares":false,"showImageEffects":false,"showParticleSystems":false},"in2DMode":false,"pivot":{"x":-13.849529266357422,"y":-9.023650169372559,"z":1.0283613204956055},"rotation":{"x":-0.21582865715026856,"y":0.665848433971405,"z":-0.21058279275894166,"w":-0.6824334859848023},"size":14.681302070617676,"orthographic":false}